id,message
10873,list the current price of microsoft shares
8491,where is the nearest smoke shop
4549,please start over.
5948,read my lists to me
1663,mute volume now
7001,start play fifa seventeen
9835,in delhi traffic level too high
2465,i need the time zone from london england instead of central time zone
687,resume the last kingdom for me
5919,what are my available lists
1551,please reduce the speaker volume
4821,start vacuum cleaner
3475,olly would you shut off.
5702,add grocery shopping to my to do list
8052,answer this mathematical question
10893,search events and meetups for central park west
4777,clean my house
7250,play the next recording
7905,how old is cher
10041,i need to set an alarm how many do i have set
9119,prepare the order as soon as possible
1240,take off my alarms
1078,see see for me the alarms that you have set tomorrow morning
6117,i want you to delete my shopping list from last month
4673,let's try what you said one more time again please.
10840,what is the birthday of hemingway
2169,hey turn on your reminders for tomorrow's meeting at ten am
2274,whats needed to make pizza
5166,switch light to lowest level in dining area
7271,jump to next podcast
994,when i should leave to office
720,play my rap playlist
1111,show me the list of alarms
7671,give me the definition of school
10111,increase the volume to max please
3885,"s1, will you please further explain me about what you said."
9134,whats up with my takeaway
9395,what is the timing of bagmati express
3635,i'd like you check and confirm that please.
7480,what is the exchange rate for pounds and u. s. d.
4723,my vacuum cleaner should start between ten to eleven am everyday
4225,i think this is not correct command.
5131,color change of lights
9814,what is the traffic like this morning
2967,is this the correct area code for my boss
5309,control lights turn off room lights
2073,remove my event at one pm in my calendar
4316,ah that's awesome work.
1746,increase volume by two levels
7561,if i have a dablune how many dollars is that
10274,send email to daddy i'll be going to the birthday party
489,dim the lights at the living room
2072,find dinner with mom on my calendar and delete it
6294,that song is my favorite
845,list me the stock of apple right now
3910,can you elaborate further on this to me please.
7059,open songs by prince
8746,send a tweet
11025,i need a train ticket to denver
9918,get today's weather report
578,tell me my lists
2202,remind me of meeting five minutes before time
6011,could you open my list app and check for groceries please
2688,add email to contacts
1048,how much traffic does atlanta georgia usually have
7683,explain photosynthesis
10200,can i get the time
4782,start house cleaning
5388,all lights has to be turned off during the day
9329,can you see if there any trains going to
4898,start up the coffee machine
10671,please tell me the name of this band
3788,"anything would be good with me, olly."
1975,cancel my event on june nineteenth
10708,resume play where i left off in book on audible
1425,set an alarm for five hundred and thirty
4589,please tell me it one more again.
11000,could you please confirm if paradise does takeaway
2430,i need you to convert nine am cst to est time
932,did anyone get engaged or give birth among my online friends
411,can you please tell me who are you
3624,would you please check and confirm it.
6107,remove the sms recipient which have initials s
5885,can you read me my lists
1426,put alarm at five am
8784,tweet a complaint to old navy website
10448,i need to hear again.
3344,yeap it was correct.
7519,exchange rate between dollar and mexican peso
10304,"that is all, just cancel."
14,can you tell me what alarms i have set
6024,all food items with the prefix dry should be taken away from the list
3320,wonderful response to command.
1724,up the volume the sound is too low
7137,open my amazon music app and play my playlist
9540,can you call a taxi
3077,send mom an email now
7833,how is iron made
10003,should i take my raincoat with me now
5561,turn off bedroom fan
187,add dan's email
10505,make the bedroom lights red and the hall lights normal color please
3336,you understood command perfectly.
9302,tell me today's direction
8104,amazon stock price
3925,"s2, i didn't catch up with you."
2799,are there any new emails from robert jones
10397,i am sorry but you have messed up with my request.
5141,switch to night light setting
6520,shuffle the songs in the music library
2494,could you please tell me what time is in singapore
3692,i do not really mind for anything.
6165,delete butterfly clips from my wish list
9140,does the nearby pizza hut deliver in my area
2096,delete my appointment tomorrow
6506,shazam this music
3748,"don't bother, olly."
7342,i need you to find a good channels to listen to
2837,jane doe
8971,order two hamburgers for me
3282,exact.
4956,set the coffee maker to on
9177,is fongs dine in only
6394,what song is playing on windows media player
1436,alarm five pm tuesday
9795,what does the traffic look like headed to la
2246,take note of today as my first date with bob
9113,when is my takeaway going to get here
138,activate a one week notification before my anniversary please
3097,mahaboobsayyad@gmail dot com
3725,that is of no importance for me.
7598,convert one dollars to rupees
3782,"have no idea for which to select, olly."
8819,what time is bina going live with her sale on facebook
9774,latest news on traffic at my current location
3828,it was not clear.
5678,enable smart socket
1109,what alarms do i have set
4840,please make me a coffee using the coffee machine
2196,add valia's wedding the next saturday at eight o clock
10107,turn volume up to highest level
4248,"that was helpful,."
5149,make my lights green
6366,identify song
10581,wemo plug socket on
625,the song you are playing is amazing
3886,could you clarify further on what you said now to me please.
8191,what apple trading at
9381,what is the estimated travel time for the train ride to orlando
6274,save my opinion on the currently playing song
8721,open twitter type my complaint and post to @consumer service
5215,is it ok to lower the lights
7341,play radio
7162,play the song get happy by ella fitzgeral
1314,cancel alarm for tenth of march two thousand seventeen
7045,play my most played songs
293,please will you check it.
402,anything i need to know
3342,yes right.
7720,look up word
10558,brighten the light of hall
4334,"good work, you have done well, olly."
60,mute speaker
6264,save that song and my opinion
6392,what is the current song called
2981,please check and tell me contact details of mongomery llc company
1404,add a five am alarm in place of my nine pm alarm
10633,delete the list brads appointments
4546,say the last one said again please.
8826,tell me my friends most recent update
7242,please play next episode of bbc history podcast
3153,hey email jan about our meeting
10895,find events in local area
5210,adjust the lights to a lower setting please
5726,please update list with new item
4678,could you tell me it once again.
2724,have i gotten any emails from mom lately
3613,i like you confirm last thing said please.
6258,i find rap music really enjoyable
10934,what movies are playing in columbia
10184,how do i make tuna casserole from scratch
1785,increase volume by one
3315,you've gotten my instructions exactly.
9341,show me today train time of kalka at jodhpur
6633,google search the topic
7195,can you play the next podcast
4972,let me get a cup of coffee please
6943,video games
2862,show all emails regarding the breach
8079,how expensive is google stock
9262,directions to sainsburys
4930,make some coffee
5419,turn the lights on
10706,play sam harris audiobook
2870,do i have any new emails in my inbox today
5976,what's on my todo list
7537,is the pound up or down against the dollar
4810,enable cleaner robot
7426,channel seventy two point five
7139,play my favorite music
797,please tell me the definition of home
8485,i need a good shop
8222,what is the price of amd on the stock market
34,set a timer at five am seven days a week
4758,begin vacuuming
7967,divide seventy six in two parts
10920,where can i go shopping here
8664,tweet bad day at starbucks
2514,how time is it
7778,describe the empire state building
5117,lights at percent
7514,how much is a g. b. p. in u. s. d.
7731,please describe a car
9607,can you book me a train ticket to bombay for tomorrow in any train
8566,can you tell me what movie has the best reviews
5155,dim the lights in the kitchen
8229,whats the current price of mcdonalds stock
10071,set an alarm for one pm
3469,can you just cancel please.
6844,play the jungle book
9351,check time of kalka train from jodhpur station on monday
4450,i would like to crack jokes
7221,play the most current episode of levin
6160,delete this from list
10171,crockpot recipe for chicken alfredo
8247,what baseball games are scheduled for this week in tulsa
2754,please check if i got any emails from mom
5057,switch to red colored lights
8923,whats online
7118,hi google play me playlist wacky in my gaana application
6865,can you play monopoly with me
704,can we play a game of hangman
452,please make coffee at seven am
6090,clear the list
10930,can you tell me what movies are playing at the movies tonight
1920,what's going on between three hundred and thirty and four
7472,play the radio for me
9825,what is the traffic situation at the bazaar highway
2506,what time is it in central time zone
4019,do you have a funny joke for me
4436,i would like to solve maths issues
8022,what's thirteen plus fourteen
2141,remind me if i miss my evening walk routine
6778,start audiobook again
4488,tell me your answer
9689,buy train tickets from delhi to mumbai for twenty third march
1062,is summer going on
10753,play something random from google play
7058,queue up ymca
4661,will you replay what you have said please.
5061,please change color of light to pinkish
10826,describe what a sphere is
7813,where is the hottest desert located
4293,you've done that right thank you very much.
4489,are you human
4624,please will you try again.
413,have you come across any new recipes
4298,"i appreciate it, that's great job."
1963,please clear jeff's birthday from the calendar
7762,can you define this word
10918,i want to know what supermarket near me has the best price on gluten free bread
2128,set a reminder for john's birthday next week
4827,power up the vacuum
7951,what is the linear equation
4183,seems like the response was not correct.
9427,i need a ride home
4577,please would you reset.
1107,do i have any alarms set for tomorrow
789,what's the definition of diverse
3506,please check last thing i said.
10907,where is a petrol station in five mile radius
10880,please tell me what is the stock price of dew in ny market
6220,i like this song that is playing
6976,can you find animal crossing
130,repeat reminder for my schedule for christmas
6649,entertainment news
6055,delete shopping list
4813,switch on the roomba
8153,what is apple's current stock price
9820,please give me the road forecast for i95 sb
2518,time and date of today
6132,i need you to remove item s from my list
5512,increase light intensity
1576,please mute the volume control
7431,ally please play pandora radio
1144,today how many alarms do i have set
2621,show me the current time
6426,do i have any music by lady antebellum
425,would you tell me once again.
10049,i need to delete the alarm for church on sundays at eleven am
3924,"s1, explain more on your response."
8948,show me chinese food near me
6796,play audiobook of jacob
3780,that doesn't really matter.
9839,is traffic heavy on route eighty today
5822,add car service to my list of things to do today
3560,confirm the last thing said please.
8958,how about some pizza tonight can you please order a pepperoni large
1068,what is the temperature today
9348,fix the driving route from here to grant market
239,send email to new email address
6078,can you remove remove buying eggs item from my to do list
3593,could you please check and confirm the detail.
7202,podcast next episode
2187,add meet with dave at subway on weber on four april at five pm
6000,what lists available
4799,on the button of cleaner
6634,can the latest news be pulled up on the latest weather forecast for the week
984,please let me know the time of train northern rail
4467,has it been a busy day
422,retry please.
8314,list events in ny
9990,is it going to rain on monday
6783,list me the audiobooks i have already listened to
4901,i want coffee from the machine
9917,what is the current weather conditions in chicago illinois
8638,send a tweet to tmobile for rude employees
6512,please go to settings of the music player and make the equalizer in the flat sound mode
9848,any traffic issues today
9415,call a taxi for me
2784,did dan send me any emails
8496,where is the closest bar
8808,check my social networks
6674,did the yankees win last night
8974,place a takeaway order for a cheeseburger and fries from burger king
1669,please do not respond
4712,turn on vacuum
1301,stop seven am alarm
6714,resume pride and prejudice
5623,will you please turn off the smart plug
1402,alarm set
6689,please share up to the minute details on sprint
2039,clear off the vet appointment tomorrow
4583,can you reset.
3145,start email
9672,book a train ticket from here to charleston west virginia at eight am today
950,hey order a pizza pie with extra cheese
6332,what artist is singing that song
7253,play stuff you should know
5460,increase the brightness of lights bedroom
6150,delete my to do list
10280,open a reply message
1680,stop the audio
8890,has anyone commented on my status
2749,update my inbox please
7052,play me some melody song
4268,"you are awesome, i appreciate it."
5909,read the list
6334,what's on the radio right now
5853,please create a list of due payment those who not received more then ten months
1833,what is on the agenda for the four pm meeting with joe
5247,attenuate the lights
8357,what is happening near me
1868,when the meeting start
10398,"nope, i didn't say this."
4825,vacuum on
305,would you please confirm the instruction.
10186,what should i make for dinner
4684,please could you tell me that comment said once again.
395,"it's great one, thank you very much."
6622,access latest news
7501,what is the exchange rate of euro today to dirham
8167,google stock symbol
5351,turn off the light
640,list of playback of ar rahman collections
3518,would you please confirm that.
481,change lights to blue
2603,what is today's day
7642,tell me what the word organism means
9817,tell me the traffic condition from here to home
8548,show me theatre where pirates of caribbean is playing
5365,please turn off kitchen light for me
5656,turn on the socket
1742,speak louder please
4089,sorry but that is not the right answer.
182,could you tell me what time it is
8418,find me the oldest hotel in washington dc
6052,get rid of the wednesday list
3180,i need to add a new email to my contacts
1983,delete appointment at time
10916,find me the cheapest place to buy a new backpack
8587,movies with good rotten tomato ratings
7908,is the largest ocean in the world the pacific
1231,what's my next alarm
998,train leaving
6133,remove a list of accessories purchase last week
1502,down the volume
4717,turn on the vacuum cleaner while i am gone
4126,this is not the correct answer.
10026,am i gonna need rain boots
10042,let me know the alarm time
226,is this my sisters cellphone number
5554,brighten light
2463,time difference between uk and us
4001,open some cools jokes
11065,book my train ticket from las vegas to los angeles
7727,what is rock sand
10215,new york time
3492,olly that is all.
641,what music is this
1673,can you please be muted for a while
10286,excellent response to the command.
635,i want to know what song has the phrase stairway to heaven in it
7495,u. s. d. to yen
4447,show me what i can do with fitness
5582,shut off the socket
11040,book me a taxi to the mall of america please
7282,play the podcast named ringcast
245,go to email and send message to
2734,read new messages from my wife
3858,"s1, can you rephrase me more on the last sentence please."
990,get route for los angles from here
3747,"this is unimportant with me, olly."
4343,"that's useful, appreciated, olly."
7658,show meaning of clarion
4688,let's try again please.
1334,set new alarm on five am
8571,what movie theatres are in stephenville
9736,is traffic heavy
11041,what's the closest taxi to me
9186,does chinese deliver
8452,what are the best italian restaurants in los angeles
3841,"s2, i can not catch up with you."
6489,turn on repeat
1935,show me my reminders
10320,check the command.
1958,cancel my meeting tomorrow
3476,olly that's all.
613,add song to running list
1912,is mary's birthday party tonight
10538,shut off the lights in the bedroom
5841,please add list of things to buy for party
5756,add paper towels to the grocery list
579,how many items are on my list
3891,i am not so clear about that.
463,can you get me a cup of coffee
7940,when's mark lanegan's next album out
10181,how many eggs should i put in my cake mixture
10062,please set the alarm for seven
4470,please tell me who is going to win the nba championship
9462,book ola for airport today evening
6323,tell me what is song is playing now
6088,please remove a list
11080,how long will it take to drive to long beach
4327,you've done it right thanks.
5412,please turn the lights on
1238,kickball is over i do not need the alarm for kickball on wednesday evening any longer
1969,remove the fundraiser for dolphines in april
9220,does this restaurant deliver
9237,where is my pizza from domino's at
6960,let's play you'll be the keeper and never change position
1114,what are the next three alarms set to go off
8138,have bing's stocks dropped
10129,when will the match start
2032,change the plan of meeting
5277,cut off the bathroom lights
5583,turn off the wemo plug
3567,can you please check my last question.
520,please turn on all lights
6510,turn shuffle on music player on
3467,please would you shut up.
5273,please turn lights off
10221,add lowes hardware to my contact emails located in cleveland ohio
667,what's the latest news from xinhua
9013,when i get home can you please order a pizza
9238,can i pick up my large order at pizza hut
3938,"s1, please explain further on your words to me."
10077,repeat alarm
9743,how is the traffic in florida
8970,i am in need of some pizza what's the closest place that delivers
1164,let me know about any alarms set today
3181,send an email to my mum that i will visit her next weekend
4745,initialize the robot vacuum
7734,give me the specs on the bugatti veyron
666,find new trump articles but not from fox news
8289,can you tell me what kind of show can i go tonight in miami
9653,i need to leave on the five pm train to rockville
7295,play newest reason podcast
3579,will you please check and confirm the last thing i said.
7960,what is five minus one
1602,help me to mute my speaker
3609,confirm detail please.
5562,turn off my wifi
8893,please give me the latest feed updates
2080,i will no longer be joining mom for lunch tomorrow
4674,i need to hear that sentence again.
2307,how many cups of sugar in texas sheet cake frosting
9596,book me a train ride
4071,tell a joke that puts smile on my face
8738,send tweet via message to cardinal cafe and tell them their customer service is outstanding
2112,set rotating event
9248,is mr pizza on skip the dishes
3360,i'd like you just stop.
9865,how was the traffic now
8353,show me events in sacramento
4171,you had me incorrectly.
4878,make my coffee
5780,i need to put together a todo list for work
6560,what does the analysts say about the new immigration policies
8340,any local activities you can recommend in my area
10336,could you please check what said.
9788,traffic congestion issues
2163,calendar event send invite bill malinda
9496,book an uber from my location to the theatre
1717,louder volume please
7949,when was justin bieber born
290,would you confirm the question.
8700,please tweet the following complaint
3972,elaborate me further on your answer please.
10313,olly i want you cancel it.
4310,"excellent job, you have done well."
10669,who wrote this song
10040,what alarms do i have scheduled for tomorrow
7112,play country music
2925,fetch me the phone number of alexander
10472,robot do the whole house now
9145,call the restaurant to see if the delivery is on the way
9601,please purchase me a train ticket to atlanta
3817,wouldn't really care.
1116,is the alarm to the backdoor set and ready to go
8648,have a moan at easyjet
2216,put working out on my calendar for eight am every day this week
3823,would you once again clarify me about your response please.
4290,"you are my hero, appreciated."
6412,what music do i usually listen to
7351,i want to hear program one on lastfm
1547,lower the volume please
10483,i want coffee everyday
2989,call mom
8665,post this on my facebook
5873,what is my grocery list
9324,give me train times from station to location
8989,call domino's pizza
4048,tell me some joke
3695,"that is of no importance, olly."
2988,is bills cell phone number in my contacts
4110,thanks but i think you have messed up my request.
2047,please remove this event from my calendar
4993,please make the lights watching friendly
2424,please change time zone to india
1245,remove my work alarm
805,what does a grapefruit look like
1730,please increase the volume to maximum
8930,my facebook update in every three hour should be available
6009,what lists are open
4190,thanks but it's not the correct command.
6509,play only particular singer songs
5760,add a movie name to the wish list
10678,shuffle music by aaron carter
3170,send happy new year to john@gmail dot com
6583,what's happening on bbc news today
2308,show me cooking websites
8122,how much has hp stock gone up
4202,i think it's not the correct answer.
1566,mute volume
9537,call a taxi to pick me up right now
4431,tell me everything about umf
10910,what's the best clothes store here
6963,let's play nine ball against me adapt with my skill level always let me win
7621,please let me know the exchange rate between indian rupees and us
6581,what is the news about terrorist attack in afghanistan
1,alarm settings
7215,start my favourite podcast
87,do i have any notifications from social media
2423,switch to eastern time zone
8553,training day
6114,clear this list
9522,call me an uber for right now
89,tell me the meetings i have for the week
1146,what is tomorrow's alarm time set to
2477,what's the time difference between here and queensland
6799,base on my audiobook collection get me recommendation related audio book i should listen get and play me the resume
9609,look for train tickets to edinburgh tomorrow
8230,send me the stock market updates for today
3148,reply email
8264,please search for events in my location
11048,ticket for new york
1645,be quiet
759,please play some songs for kids
5776,please add deodorant to my shopping list
3944,what did you mean by saying it.
7306,play episode ten in the podcast
236,reply the email of charles with just thank you right now
213,check emails
5300,i need you to turn off the light of my bed room
5844,add new item to list
9833,is there traffic
10975,i want to order some pizza
354,do you know what a joke is
2860,would you go check my emails for me
1646,mute yourself until five pm
5239,dim the lights in the bathroom
10905,which teams are playing this weekend
8245,what are all the event in area
184,august fifteenth is what day of the week
1280,set off this alarm
689,i want to finish listening to the book one thousand nine hundred and eighty four from where i left off
5328,turn off the kitchen lights
5010,please change the color of my lights surprise me
3018,what is the email address for tessa
1860,what events are scheduled for me to do today
11089,weather this week
2926,what is jimmy johns's corporate number
4630,could you speak it one more again please.
5593,please turn off the wemo plug
3474,olly please just stop.
5648,turn on the wemo plug socket to plug in my dongle
10318,cancel.
5567,turn the plug off
2747,compile information on the data breach
5229,turn the lights down to seven
2164,add dentist appointment for friday at five
9881,weather forecast for this week
1959,hey olly make sure my calendar is completely clear tomorrow
1376,set an alarm for seven am
2902,can i find out information about a contact
7955,what is ten divided by five
6832,please open audible app and resume play
1795,do i have a meeting on saturday march twenty fifth
2661,store my contacts
6859,play the latest games
10381,i would like a joke
570,make a catalogue
816,how old is emma watson newest boyfriend
4855,time mr coffee for six am
7806,birth date for movie star keanu reeves
3095,send this email to reply to the latest emails
2918,show me derek's contact information
7868,how old is christie brinkley
4153,sorry but it is incorrect.
1318,delete my eight pm alarm
9669,book a train ticket from washington dc to savannah georgia
1857,give me the reminders
1433,set alarm on twenty fifth may at five pm
496,i want the room to be less bright
1483,remind me at six thirty pm
5259,please turn off all the lights outdoor
8440,markets near by
3303,yeap you've done that right.
2774,is there any new email
5306,turn off the room lights
8606,what is the nearest theatre that plays the new vin diesel movie
9533,set up a taxi for eleven am tomorrow
9661,book me a train for the next available train
1758,could you speak more softly
9594,book a train ticket to city leeds
3818,"do not really mind for whatever, olly."
10947,send a tweet about sonys volume issues
194,add work email address
10353,"this does not matter to me, olly."
3470,olly please could you shut up.
6770,start chapter seven of alma
10047,would like to know the alarm you sent
3322,yeah you've understood my instructions perfectly.
2241,please tell me to take my umbrella because it will be very hot today
6374,who sang the song that is currently playing
4067,what's the latest joke
6296,i enjoy listening to this song it really calms me down
9627,please book a ticket form jaipur to mumbai on tuesday
11097,weather this week
3703,i have no idea for which to select.
1060,will the temperature be higher than forty tomorrow
10953,tweet for me the complaint about drainage work
7934,how old is betty white
939,did anyone message me on facebook
7429,can you find the the preacher joe show on gospel radio
4839,make us a brew
2549,what day is the fifteenth
10364,could you please once again elaborate to me.
1836,my events
4955,please make some coffee for me
8672,tweet kohls about the cleanliness of their store
9578,please book train ticket to new york
1650,turn down the noise
7170,skip this podcast
2122,set a reminder for my shopping trip tomorrow at five pm
8689,write a tweet to burger king expressing my disapproval
7042,get sia's cheap thrills ready to play next
10245,show johns office number
2590,is today march sixth
3926,rephrase me about what you've said further please.
7205,i want to hear yesterday's podcast from my favorite channel
6590,get latest news report on kidnapping in ny
45,set an alarm for this eight hundred pm this evening
6551,what's happening today
4598,please speak that one more again.
1324,remove my alarm for tomorrow morning
2976,do i have any missed call from patrick
8504,where can i go shopping in this area
7624,what is the us dollar and euro exchange rate
6541,is there any new environmental news
2104,i am no longer attending the wedding on the tenth so remove it from my calendar
7800,how many sides are on a pentagon
1241,cancel my seven am alarm
6020,please delete the last song that played from the playlist
9924,what is the temperature
3022,give me charles telephone number
11038,i am in need of a taxi right now
3346,yes it was perfect.
3269,yeah you did it exactly.
5940,show me my lists
9284,how long does it take to get there
2418,how long do i need to cook a brisket for it to be medium
1608,mute the sound
6654,what are the results of the election
10319,would you shut up.
691,can you play my favorite audio book of tarzan
6593,what is new
698,play tennis for me
4949,how do i set the timer on my coffee machine
4049,show me a funny joke
4311,"that's nice one, thanks."
7638,what does a sea lion look like
4811,make vacuum cleaner start
6262,i love anything by elton john
4307,"that's nice job, thank you so much."
3413,can you shut off please.
3731,"i have no idea, olly."
3179,send an email to adele
1955,erase next calendar event
8797,may i know what is trending in twitter
11031,get me a ride to hospital
4040,hey do you know any jokes
8408,tell me where i can go shopping in this area
6039,erase previous list
8920,what's new on my facebook account
7529,given me the exchange rates between u. s. d. and inr
6749,hold
9125,how long until my takeaway
4315,"that's cool,, olly."
6346,who's current music's author
5550,please increase the light of table lamp
7405,play the radio station one hundred and one point nine
5441,it's awfully dark here
7191,start podcast mlb daily
8018,what does two plus two equal
9554,request an uber now
3328,yeap right response.
6299,my all time favorite song is something like this from chainsmokers
5917,read list for me please
7499,new exchange rate
2649,what time i sit in china right now
6168,delete the last line
2234,set a notification for june fifth every year
1642,cut off noise
5488,turn up the lights please
4540,i had a long hard day
176,tell me the time in this time zone
6677,get news from bbc
9009,checkout subway food centre near me and order tandoori roti
693,i want to play solitare with you
7075,let's play workout playlist
10686,open the local news app
1664,don't respond for fifty seconds
2027,please delete my lunch date from the march twenty third schedule
8515,are there any good pizza places around here
888,where can i got to grab some drinks in west chester
8292,what's happening near me this week
5545,raise the light
6668,please provide world hot news
125,make a repeating reminder for my yoga practice every day at noon
9783,traffic status please
2806,are there any new emails in outlook
3243,you've done the command correcly.
1040,is there any traffic
5568,turn off kettle socket
5446,can you adjust the lighting for me to be brighter
9764,please check the traffic to the home
6700,resume the two towers
6456,what song in the theme song for frasier
1841,do i have a sales meeting today
9075,i want two burgers and one coke order it fast
4123,i am sorry but i think that's not correct.
8697,tweet complaint to consumer service
8037,what's one plus one
8533,what clothes store would you recommend here
5192,please lower the lights a little bit
7440,play the breakfast club
5571,turn off plug
686,resume my audiobook where we paused last
9637,i want you to book a train ticket for me
9303,can you get me a train ticket to nyc
8182,what is today's close of goog
6154,trash file one
9746,how's the traffic
2403,tell me how to cook pasta
7742,hey what is the definition of survey
1885,please check my reminders
2708,add a new email
6074,i have already given mark his gift today please remove him on my christmas gift list
3215,you have understood my instructions exactly.
11026,tell me if i should use the train or bus to get across town today
2833,have any emails come in since four hundred today
9482,could you please book me a taxi going to location
10743,find and queue all songs of kate perry and play all without shuffling
2505,what is the current time in chennai
611,please rate this song five stars please
10610,make sure bread is on my grocery list
3979,do you know any jokes
4493,what is the story of the movie titanic
4065,tell a joke
4302,"you are the best, thank you so much, olly."
8223,stock
10188,do you know how to cook risotto
5522,brighten the lights please
9636,buy train ticket
10192,what is the time at singapore when our time is five pm
366,that wasn't right.
8463,can you tell me a good place to eat
5696,please turn on the smart socket
3348,olly please shut down.
9147,when will by order from taco bell be delivered
2203,remind me to meet with steve at one pm tomorrow
1620,quiet on
1733,increase the volume
17,may i know the about alarm you set
10030,what alarms do i all have set
7961,tell me if five hundred and forty is subtracted seven time by twenty eight
8232,show me all the events happening in milan
10074,set a wake up call for ten am
9254,reviews of the restaurants
5724,add a wrist watch to the shopping list
5162,i want dimmer lights
178,tell me what time it is in dallas texas
1895,what is scheduled on my calendar today
5344,switch the lights to off
5013,turn lights to green
1129,please tell about the alarms
3078,email tom
1395,set the alarm for nine am on weekends
7540,what is the equivalent of one inr in zimbabwe dollars
6820,keep playing war and peace
682,can you play file
486,switch lights to red tone
3481,olly could you shut off.
6007,list to do
10078,decrease the volume to ten percent
8650,tweet complaint to american eagle customer service
9478,call golden taxi to pick me up at seven pm today
4055,please tell me a joke that i'll think is funny
807,when does the super bowl officially start
6575,top news
9288,where is the closest train depot
4983,make me happy juice
9914,will i need an umbrella tomorrow
7450,please turn on radio on seven am
7516,how much is the us dollar versus the pound
10559,turn the lights up
2769,what are my new contact emails
8127,stock prices of rolls royce
2555,i want exact time in washington right now
9019,confirm the order and send me the confirmation
7324,play bbc radio one
7367,play football news from radio one
4936,order a latte from starbucks
1259,cancel my three pm alarm
6692,tell me updates
1808,need information about events before shift ends
6609,what is the latest news on sprint
5252,nighttime mode
6449,tell me the name of the composer
7641,do you know the definition of school
5566,off mobile charger plug
5161,i want a lower light
9007,order a pizza with sausage from domino's
150,i need to know how to make stuffed peppers
10323,would you check my last command.
9592,book a train ticket to new york
8326,any specific event in washington
4682,i want to hear what said again.
3397,"that's enough, stop."
4791,robot vacuum the living room now
8950,checkout top restaurant near me and order shahi panner
207,do i have any emails from jessica
5101,set brightness to fifty percent
1515,decrease speaker volume
9566,i want a train ticket
10258,show john's contact information
7896,how big is russia
7601,exchange rates of inr and u. s. d.
2908,could you get john's email address for me
9898,is it going to rain in the next few days in tucson
2626,what's the time in new york
653,repeat same song for ten times
7188,find me a podcast on wrestling
10545,cut the lights off
1115,check if alarm is set for six am
3201,yes you got command exactly.
6826,i want to hear the book written by the mother of the shooter at columbine
10997,does pings have takeaway
3738,"any one would be okay, olly."
2460,what time can i call from pennsylvania and it will be business hours in australia
7539,what's the dollar's exchange rate with the euro
4897,make me a cup of coffee with salted carmel flavored cream
5610,i want the wemo socket off
596,take bread out from the shopping list
11027,how to go to multi specialty hospital
10197,can you tell how many hours of difference are between boston and los angeles
8179,check stock prices on this
8155,show me share price of tata
3416,"olly that is enough, cancel it."
4068,a priest walks into a bar
10401,it seems like the answer was not correct.
6909,i want to play a game
7912,how old is kim kardashian
9874,should i wear a hat today
1094,list all set alarms
6784,resume mind reading book
1038,how is traffic in city
3080,open a new email to contact
2568,what is the time in ajmer
4517,why do starving people keep having kids
5260,turn lights off in kitchen
9681,id like to get on the next train that will be departing indianapolis headed to chicago
6956,play chess with me please
7492,how much is fifty us dollars with in china
10268,pleas reply to the mail of allen
5501,turn up the lights in the living room
4669,could you tell me again please.
8574,what film should i watch
2955,find me my dad's email address
10903,where is the food festival tonight
7973,can you help me find the answer to this question
9457,can you call an uber for me
4305,"that's useful, thank you very much."
6562,please let me know about topic elections
8023,what is four plus five
7128,play the billboard top ten
4097,i think you've done this all in wrong manner.
5375,kindly switch off the light in the drawing hall
9155,tell me when taco bell can deliver my dinner
9120,is my order ready for pick up now
1186,at what time is my alarm set
1214,what alarms did i set today
8392,what's the best chicken place near me
371,thanks but i think you do not get me.
3662,would not care.
2790,did my mom send me an email
3094,"send email to robert, what time is dinner"
7033,play for me hip hop music
3193,yes you've done your understanding correcly.
4015,search for new jokes
8988,i want to order a takeaway from papa john's
5385,light off living room
6427,give me some bowie
10520,make the lights less bright
218,how many contacts are there named john
6222,can save this music in my playlist
7087,can you play rfi
8984,i want to eat something will you order food for me
7024,start play
10793,what are the new rock radio stations
3279,yeap you've understood the answer right.
1721,increase the volume of the speaker
5808,i want to start a new list of power tools on sale at true value
4434,can you make dinner for me
11070,give me a current traffic report
3552,did you get what i just said correctly?
5575,turn off smart socket
9502,book uber for tonight at seven pm
9791,give me the update on traffic at new york
957,place order of one pizza
10596,generate fresh list
7048,reshuffle and play music
2814,please check all new email of income tax department
6845,play this audiobook for me
608,get rid of mike stein from contacts list
5824,open grocery list and add milk
8858,how many people are following me on twitter now
10973,i need to order some food from papa john's
5565,please turn off the smart socket
8081,what is the sensex and nifty points for today
10063,repeat alarm
5048,change my room lights so that i can get a good sleep
8270,info of the upcoming events
5902,what's in my list of tasks
2770,please archive my read messages
2388,what is the cooking time for mashed potatoes
10289,excellent.
6937,lets play tic tac toe
4118,please make sure your command was correct because it doesn't sound right.
7876,which are well reviewed movies by emma watson
10314,olly please could you shut down.
4748,let's suck out the dust
7446,open pandora play rock station
5468,please increase the light
978,what is the status of my order no
6570,have there been updates on abortion law
707,play checkers with me
8559,give me a movie for tonight
4653,i would like to hear again.
6343,what music do i prefer
2894,what is my daughter's phone number
5399,bedroom light off
9696,book me a train ticket for this afternoon to chicago
8874,is there any new vegan news on facebook
8267,are there any good social events happening in my area
9756,how is the traffic on harvard
7490,tell me the exchange rate for the yen
2052,cancel all my appointments after three pm today and inform me the details
7757,object identifier
9504,get me an uber
4162,you are leading me into wrong.
663,i want to know everything that breaks about the dam breaking in california
3073,compose an email to parisa
2043,erase my whole calendar
1731,lower my music player volume by fifty percent of its current level
5089,hi olly change the color of lights in my room to red
445,start my robot vacuum cleaner by ten to eleven am daily
6232,save my opinion on adele's song
2130,set a meeting with hongbin
683,audio
3519,can you check and confirm my last command please.
5261,please turn off the lights in this room
10015,will i need a raincoat when i go to glasgow on sunday
7577,how much is five dollars worth in euros
8067,can you do nine plus two
3992,tell me a joke about a man
8118,what did the s n. p close out at
768,what is the most current exchange rate in china
2727,what did the clinic say about my exams
6167,get rid of item on the list
6455,what's the name of the piece you are playing
10436,my day was great
8498,where is a great pub
10036,let me know the alarm time
9481,i need a taxi in thirty minutes
4027,are you aware this joke
5423,turn on the lamp
5529,spread some lights
195,are there any new emails from name
3767,don't mind.
3532,please check and confirm detail.
5381,switch off the light on the left
2803,did i get an email from sarah
3444,"olly that's enough, cancel."
3687,anything is ok to me.
10645,add bruno mars to my favorites
4074,this was not what i am searching for.
8822,what friends were in popular places the last day
3277,yes that's amazing.
8977,order chinese for delivery
9257,does that restaurant allow call in orders
2536,time in chicago
3868,your words was not so clear.
3101,please start an email for my sister
10723,how about a game of snakes and ladders
5534,can you raise the lights for me please
10731,would you like to play never have i ever
8355,are there any events coming up
9210,does brick grill deliver
4834,at one pm today start the robot vacuum cleaner
277,i like you cancel.
10439,today was a hard day
5716,can you create a new list
6725,start reading fifty shades of grey from chapter four
603,i don't have enough money to buy the nintendo switch right now can you please remove it on my amazon wishlist
8576,what's a good movie that's out right now
6748,resume the playback of zanes se chronicles
6252,i love hip hop
7053,let's hear some indie rock okay
1001,order me an uber ride please
3398,olly would you shut up please.
8968,order me a cheese burger from tommy's burgers
2174,set the event to recur on the first monday of the month
3697,anything is ok with me.
5831,make a list of camera photos
5712,add butter to the list
9121,restaurant delivery update
7473,play a pop station on the radio
2609,what time is it in england
10261,what is john's last name
8424,where is the nearest pub in the city
1464,call me at six am
7636,give me the definition of the word fondle
10179,please explain the rice recipe
7255,play that podcast i was listening to yesterday
4932,double cappuccino small please
4861,"i'll take my coffee, black"
8608,what's worth watching
10944,tweet long wait time and unprofessional employees
9834,what does the traffic look like on my usual route to work
6712,can you play my favorite audio book of king kong
4845,will you please get the coffee machine to make some coffee
1223,when is my alarm set for
4703,start roomba
3646,please could you confirm instruction.
7458,please play the radio
5542,turn the lights brighter
8367,are there any events going on in milan
7332,change channel to one hundred and three
1659,mute yourself until i say otherwise
1629,mute speakers please
2764,did linda connors reply to any of my emails this morning
8659,tweet my current location
3981,the joke of the day
4957,yo i need a coffee now
10672,please tell me the name of this song that is currently playing
1714,turn up volume of music
5136,change lights
4253,"awesome work, you've done well."
1072,i am gonna need an umbrella today after sunset
9135,does fongs have delivery
5536,turn up the lights
7660,describe a chart
6387,who is the artist of the song playing now
6378,what's the name of this song
9726,is the road in some particular area wide or narrow
4939,do a coffee for me please
10080,turn the music lower
3300,yes perfectly.
7266,start playing my most played podcast
4423,how about you
5888,what does the list contain
10656,favorite this music
5524,bring up lights
5669,activate the wemo plug socket
9201,current status of take out order
8301,what's happening here
1816,is there any events planned for the next three months
505,turn off the lights in the bathroom
10576,turn on the fan socket
8710,send this message to @microsoft on twitter
3376,please could you shut off.
3055,draft an email to kailey about work later
3765,do not mind to select any one.
2715,add this email address to my contacts and send an email to
5653,turn on the smart plug
1291,turn off the alarm for tomorrow morning
7349,can you turn msnbc on in the car
3940,i am not clear about your answers.
2928,please delete the contacts that i havent spoken to in three of months
6916,play candy crush
7563,what is the exchange rate of us dollar today for rupee
8546,which rom com movie can i watch in theatres around new york
3789,"i have no idea for which to choose, olly."
7948,how big is the grand canyon
10269,create an email that needs to go out to my family
9269,how long does it take to get the train from rome to paris
3572,i would like you check details please.
8371,show me upcoming events in the quad cities
6798,please continue reading audiobook
7402,i need you to start fm eight hundred and ninety radio channel
2191,remind me to meet joe for lunch tomorrow
3112,send email to david davis email address
2022,cancel all meetings for today
113,delete my meeting event for march nineteen at one pm
1844,do i have a meeting today
7189,can you backward an episode in the podcast
96,one thousand two hundred and thirty pm already you will have a meeting in ten mins
10217,add something@gmail dot com to my contacts
6137,get rid of bananas on the list
3633,could you please check and confirm last thing i said.
9815,give details about the current traffic
8331,to which event can i go in milan now
755,play one thousand and thirty seven fm
864,what's going on
406,do i need to spare washing my car today
10208,tell me the time
8406,near by grocery
10658,what music is playing right now
5352,turn off room lights
1838,whats going on in my calendar
1752,turn up speakers
2391,i want to cook italian dishes show me some
7701,define love without invoking the term love
9281,next train to dc
9899,is it going to rain in seattle today
10854,how old is carrie underwood
4439,how would you tackle the following problem brush your teeth
10203,what time is it in a city
5616,off all type of active devices
3235,yeah wonderful.
191,save the email to my contact
8845,is there anything important happening on social media
2553,what day today
9720,how is the traffic now
4603,say it one more time please.
7135,play hurt by johnny cash next
374,i think you don't get answer right.
5258,office lights off
10334,check and confirm what i said please.
7457,switch on the radio and play hello fm station
5521,please turn the lights up to eight
1765,more volume please
9459,book a taxi at my home address for right now
2054,what do i have to do today
4380,"that was useful,."
8173,tell me which mutual funds have maximum yearly returns
2684,save to contacts
5807,please find all name start with alphabetic of a and create a list
10615,which lists are present in the notes app
7796,who was the first president of united states
1562,off the speakers
7687,how would you describe a ball
3067,write an email about next week weather to my wife
8642,please tweet for me about the bad service rended by the taj restaurant
8479,tell me what is the nicest place to go
10696,what is happening in the world right now
5197,bring the lights down a bit
361,i didn't say it.
5406,will you please turn the lights off
3993,hey olly make me laugh with a good joke
1319,remove finlee's bedtime alarm
8231,what are amd stock prices
10110,made media volume louder
9468,check in a taxi for booking
8509,make a reservation for two at olive garden
6941,could you play poker with me
4221,sorry but you have messed up the command.
9152,tell me which catering packages are available
1307,remove my eight pm alarm and set it to seven pm
6447,who's playing the oboe on this piece
10350,any one will be good to me.
8046,what is four plus four
381,"you rock, thank you very much, olly."
1992,get rid of everything on my calendar
3497,olly please could you cancel.
9751,can i make back home without a traffic jam
3118,email co worker about work project
5912,list entry
185,can you tell me the date today
256,yeah perfect response to command.
1257,remove six am alarm of whole week for future
6263,i am forever hip hop
4492,hey today i was fired from my job
620,i really enjoy this song
9753,i would like to know the traffic condition
2385,can you prepare a cheese sandwich
6151,clear all from my iphone
1191,what time is my alarm set for
2282,cooking recipe
843,how is shell s stock doing today
8302,list local ongoing exhibitions
678,play from my last session of joes book
8844,who's birthdays are today on facebook
4552,can you try the last one spoken once again.
2117,remind me everyday at two pm for lunch
8510,show me some vegan restaurants close by
249,send reply to joe
3189,email chris add following content sorry i will be late today
5925,find list in my pda
1875,how many calories did i burn between three and five today
2435,convert time zone
3455,please can you cancel it.
10255,please open my contact list
9183,where can i order takeout
8818,tell me the exact count of followers on my twitter handle as of today
9102,call pizza hut and find out if my order is ready
4215,"no, you gave me incorrect information."
1593,silence for two hours
10182,what can i substitute butter with
3116,send mail to mom i am planning vacations with her next week
2594,what date is the third friday of this month
9403,directions to the target on i forty
11032,i need you to book a taxi for me
3409,olly talk to you later on.
7400,hey olly turn the radio on
971,hi there do you offer home delivery for orders
2545,what time is it in another city
2313,how long should i simmer rice for
8000,convert ten miles to kilometers
5874,open my list
3221,good response to the command.
10421,"thank you, olly."
325,wouldn't really mind for whatever.
7518,convert five s. d. to rials
1749,can you turn up the volume
7890,where is the statue of liberty located
3198,you have done that perfectly.
10972,hi there tell me latest updates of times of india page in facebook
681,resume animal farm
1681,turn up radio volume
5598,disable smart socket
7486,convert one euros to us dollars
1705,raise the volume to fifty
4414,dubai marriage
5097,make the lights a different color
2125,reminders
54,lower the volume to twenty
7869,how many species of bees are there in the united states
7689,could you please tell me the meaning for the item laptop
5338,can you please off the light
1437,wake me up at five thirty
2260,call sarah
3025,what is the home phone number for sarah
10512,set colour blue for all lights of my house
10595,i need to create a new to do list
4806,please activate my vacuum cleaner
4507,suggestions for future
4963,start the coffee maker
4622,retry it please.
11087,please confirm the weather for the thirteenth of this month
1033,book the the next train ticket to chennai
1217,review all alarms
5458,turn the chandelier all the way up
10282,yeah it's confirmed.
10755,can you play call me by aretha franklin after this song is finished playing
954,i would like to pickup a veggie sub with a cookie from subway
8850,what trending on twitter
10189,freezing
6974,play candy crush with me
4285,"that is cool, musch appreciated."
10554,can the lights be turned up
1006,book a taxi
9136,how many minutes do i need to wait to pick up my food from china on the go
2173,i have to go to a meting on friday at noon can you remind me
3964,once again explain your answer.
6646,what's the news in politics on cnn
10429,i need to keep two toddlers busy tell me what to do
5264,could you please turn off the overhead light in the kitchen
3821,explain it further please.
10549,turn off lights in bedroom
7860,where is steven spielberg living
417,please say one more time again.
5026,light settings
7836,when did beyonce and jay z get married
2387,what do i need to make lamb pathia
515,could you turn the light off
9001,i want to order some takeaway food
7659,give me the description of a smartphone circuit
3975,can you tell me a nice joke
4350,"it was nice one, thank you very much."
706,bring up papa pear saga
958,find me the nearest chinese for delivery
7768,tell me about rock
5432,and the darkness has fallen
1489,lower volume to half
4592,can you speak it again please.
5016,house change all lights to blue
981,where can i book a train ticket to oregon
10087,don't talk
4976,run coffee maker
8342,show todays events in ny
1056,do i have to bring umbrella for tonight party
4927,start the coffee machine at three
2069,delete from the calendar the next event
9394,show me today all train times of next two hours at jodhpur to jaisalmer
8740,post that i am going to woodland shoe store
6915,play my favorite game by name naughty dog
794,define economics
4731,activate robot cleaner in an hour
2561,what day does april sixteenth fall on
2960,how do i dial sarah
1413,set my alarm for six am tomorrow
4528,does mr t have a family
3641,would you confirm the last thing i said please.
2366,find the correct temperature for frying a whole turkey
2748,tell me about new emails
7020,turn on my michael jackson playlist
8593,what movies are playing tonight at nine pm at the amc nine
1290,please turn off my alarm for this evening
752,turn on the local radio
5784,please create a new list
1237,remove my earliest alarm for tomorrow
7385,play music now from radio plus
8915,check how many likes did i got on my most recent post
5825,add ashley to the wedding invite list
9892,what will be the temperature today for miami florida
8042,what is three plus four
945,can i order out
7151,play song aces high
1627,mute speakers
7730,what is this thing
6350,show me the name of the song playing right now
8661,fraud in weighing products
5890,what do i need to get done today
4515,i watched the best movie please reserve me a copy when it releases
6939,please choose a game that you can play with me
7662,what is google
549,toggle wemo plug socket on
9686,can i get a train ticket to
1607,disable music player
3810,anything is okay for me.
4324,"musch appreciated, that's good."
3959,"s1, could you please clarify me about what you've just said once again."
3159,hey send email to john
2147,add a reminder to april fourth to go to the dentist
10202,new york time
5738,add this one also
10654,save my opinion about the current song playing
4907,start making a coffee
4702,please clean the floor
510,by main power off
7166,make my collection mostly pop with a good bit of psychedelia
8035,what is three hundred and four plus one
4264,thanks for reminding me.
6910,let's play space invaders together
385,"you are my star, thank you so much, olly."
156,search for your favorite meal
8390,whats around
618,add this song to favorites playlist
10638,delete from playlist my old english songs list
6248,save this song as my favorite
5362,turn light off
10605,do i have banana in my shopping list
4107,"wait, this is not the right command."
7338,tune in some radio
8457,what is the best shop restaurant around angel
166,it is ten am in eastern standard time what time it is now it pacific standard time
2416,how long should i cook chicken for
3690,don't care.
10119,where is my meeting at nine am
5046,change the lights of the house to a blue hue
10891,what is going on in south tampa today
8083,what is the highest microsoft stock price today
1053,what are the traffic conditions on the one hundred and one
10765,play favorited podcasts on fishing
8745,send a tweet to safeway about water in my gas
7131,select and play only christian rock from one thousand nine hundred and ninety upwards
10603,what lists are available
2369,how do i bake a potato
8203,turn on notification for all news on the stock market
6195,please save the remarks i have on this current song
9611,book for me a train ticket to washingdon dc
4946,prepare coffee
1800,today's schedule
5502,please brighten the lights
1355,set up an alarm clock at one pm
8545,nearest walmart location
9331,how long is the walk from nyack to valley cottage
3447,olly can you shut up.
6921,open subway surfers
7235,please play a podcast
6142,remove the list
3259,correcly.
8178,how much is apple stock worth
8848,has john replied to my facebook post
1439,set my alarm for six thirty in the morning tomorrow
2618,ten past seven
11037,book a cab in the evening for me
10962,what is currently trending on twitter
9362,when does the next train to work leave
8924,let me know what maria has put on her facebook over the weekend
1276,remove all alarm of sunday
8882,how many likes does my last instagram photo have
9110,where is an olive garden that does takeaway
9870,is there bad traffic on the highway right now
4681,could you repeat that.
4990,make me coffee now
7369,play the urban radio station
2065,please delete all meeting after seven am
2672,add this email to my contact
9877,tell me what was the temperature in our city at twelve pm
5931,what items did i plan to buy
3876,explain further on last sentence to me please.
7217,will you please play a podcast
8917,what are trending topics on twitter right now
528,can you turn up the lights
4140,"oops, i think you do not understand me."
376,"uh no, you did not understand what i am searching for."
5092,please change the light to green
6064,remove my to do list
8776,customer service complaint
2599,what is the current time in lagos nigeria
5973,do i have anything outstanding on any lists
9187,does fridays do takeaway
2365,what is the difference between bake and broil
730,play fishing podcasts that are favorited
3135,compose a mail for jack
9939,what's it like outside
8028,multiply one thousand by twelve
397,today i had a lunch with my longtime sweetheart play me a nice song to the mood
1968,cancel the breakfast at tiffany's house
3307,yes you've understood that right.
7575,tell me the exchange rate of rupee for dollar
4295,i appreciate answers.
2348,search for gluten free menus
3196,yeap excellent response to the command.
1363,set alarm for one hour from now
770,how much is dollars american worth in yen
4597,replay the last utterance said.
8442,give me the name of all the shops in my area
9701,fetch me two train tickets for the earliest train to paris
4106,i think this was not correct.
2885,what is email id of john
5330,please turn off only right side light
3989,i need a funny joke to tell sam
7396,start bbc radio
5983,check out my to do list
4081,thanks but this is not the right response.
8611,look up movies near me
2310,find a recipe that uses ground beef and zucchini
9895,how much snow has fallen in maine since yesterday
2197,i have a meeting tomorrow morning at ten please remind me
2284,recipe please
10674,tell me the singer of this track
477,make curser adjustable position
2791,do i have a new email from eric
5177,lower the brightness of the lights
10800,what is the exchange of euro to dollars
8669,complaint on service provider on my twitter
4369,thank you very much for that information.
9560,book me a train ticket in any train to bombay for tomorrow
2519,what day does my birthday fall on next year
3777,this is unimportant.
2208,remind me later
10937,tweet comcast and tell them that their service is down again
9710,please book the five pm train to rockville
8976,call peking garden
7968,what is three times seven
1942,make a list of all the halloween events going around in new york
1799,time time is the holiday party at the office
9399,what are departure arrival times for this train
7716,what is computer
11104,what degree is it outside
694,can we play twenty questions
2006,cancel meeting at three
7719,what does speaker mean
9573,book a train for twenty two march at twelve pm
1623,please mute the sound
2478,how much later is new york than la
304,i like you to check and confirm what i said please.
8287,any events this weekend in pondichery
3289,good response to command.
6307,current song rating three stars
1674,i'm in a meeting please do not speak
6544,give me the winning numbers to the powerball lottery
8299,events upcoming
3682,"any one will be okay with me, olly."
1818,where is the event today
9852,traffic report
4238,you've done it right thank you so much.
4252,"it's helpful, thank you very much."
8449,find a grocery store in town that carries creamed pickled herring
3107,email alice to let her know we are on the way
2410,show me pancakes
6511,please proceed to the next available rock song
835,can you add up thirteen plus five plus nine for me
10122,what is next in my calendar
6885,open chess app and begin game
143,it should spices
1341,set an alarm for two pm
8573,what do you suggest that i watch this weekend
5267,turn down the lights to medium
1277,do not wake me up tomorrow
1770,increase the volume a bit
3922,i didn't catch that.
2994,when was the last call i received from jordan
8305,list events nearby new york
5803,add the item to the list
9338,can i get the directions to the nearest bar
2783,please tell me how many emails i have
5123,can you change the light colors into dark in the house
10978,food order from grubhub
9900,will it get warmer here next week
8716,write this complaint to comcasts customer service twitter
5495,turn up the brightness
6285,make a note please i like modern alternative rock music
8315,what is going on around me
5121,select a different color for the lights
3576,could you please confirm the details.
4100,"uh no, you've done in wrong manner."
2583,give me the time in london
617,i like it
8008,what is zero divided by zero
3684,"this is unimportant to me, olly."
6432,when was this song first recorded
8796,please read my facebook feed
8045,what is eighty seven minus fourteen
1335,please set alarm for
6730,can you play my latest audio book
8352,please search for local events
7673,tell me what a freeway is
2777,what is my recent email activity
4519,too private
2004,remove the event from monday
1408,please set alarm for all days
10461,i want to hear what i've said again.
5830,add eggs to list
8886,how many likes does my status from yesterday have
10061,set an alarm for five am
2329,please find the recipe for meatballs
8466,hey olly tell me what shops i am near
7665,give me the definition of the word armor
7103,please play me a song from my favourite list
7272,play next on podcast
1883,let me know about upcoming events
10337,i want you to check what just said please.
2612,current date please
2907,what is this person's contact information
8404,i want to find some chinese food what is near me
6580,what happened last week
8568,what is a good iranian film from two thousand and sixteen
319,i do not really mind for whatever.
6923,i want to play poker with you
1508,decrease twenty percent
5761,grocery list add eggs
6290,mark this song as a favorite
2059,delete my meeting for tomorrow
9873,i will need a scarf in afternoon to overcome sunlight
7669,what is the definition of forensic
9691,buy a train ticket from lakeland florida to new york
5655,please turn on my door lock
10647,add my opinion to this song great
1541,lower the speakers
9662,book a first class ticket in the next train to miami
4402,famous person biographies
2242,remind me to go grocery shopping today
2655,add dr rosenstock as an email contact
4822,initiate to operate robot vacuum cleaner
6812,play the time machine by h g wells
5018,change the light color to red
3027,display address of john
2718,i would like you to add an email to my contacts
1595,mute for two hours
10589,reopen groceries and add milk
2087,reset all events in calendar
232,what is jill's home phone number
2865,do i have an email from person a
3007,please let me know the what raj's status update in facebook
10933,what movies are playing tonight
7039,google find and play florida georgia line the one with nelly
4569,please speak the last one said one more time.
4219,sorry but i think you got it wrongly.
10301,olly please could you shut down.
7866,how many countries are in the european union
769,if i have five dollars how many rupies is that
9660,open train ticket app
6746,can you put on the chuck palhunik audio book
8318,tell me all local events
2024,remove my calendar event at one pm today
2378,get recipe for apple pie
2575,i need to know what is the date today
3554,can you check and confirm details.
421,i need to hear what you've said again.
6019,remove this list from the others
5151,lower the lights in the bedroom
1919,what meetings do i have next thursday
1792,turn up sound
9264,what time does the train leave for chicago
3983,find me the best knock knock joke on the internet
2129,every wednesday night at five pm remind me to meet phil
5068,set the living room lights to red
4952,can you begin the brew
8462,i would like to know the best rating pubs in the local area
4647,please try your last sentence you said once again.
10851,what color is a dragon fruit
6989,give a hand to this game
8742,post a facebook status update
10159,remind me tomorrow at four about an event
10257,where does joe joe live
7488,how many pesos can i get for a dollar right now
10956,anything new on social media
6330,how do you feel after hearing justin bieber's new album
1167,what alarms are set in the house
5196,dim all interior lights
3458,olly can you please shut down.
4303,"it's excellent, appreciated."
3700,any one is okay to me.
7587,which currency is greater the us dollar or yen
8870,in every three hours give me my facebook update
5281,light off now
8194,list the latest apple stock prices
3647,would you please confirm details.
746,skip this one
4043,i wanna laugh can you make it happen
10342,"i don't mind for any one, olly."
6246,i really ska music
7356,play radio mirchi for me
622,what is in my favorites music folder
10351,anything is good to me.
1556,silently adjust
5184,turn down lights
396,"it's helpful, appreciated."
7107,song next please
6968,open up angry birds
6984,do you want to play
4371,ah it's amazing.
8147,what are the stock prices
4607,speak one more time please.
1423,wake me up at this time
7795,how many legs does a dog have
6907,want to play a game of trivia
10262,tell me the landline number
6144,delete my shopping list
9923,how does it feel outside
1346,set alarm for eight am
7026,play anything by cat stevens and i'll be happy
3852,i can not quite catch up with you.
2717,save my contacts
7953,how much money will i make for the week if i make dollars per hour and work twenty hours
4732,please turn on my robot vacuum cleaner
2442,when it's ten pm here what time is it in brisbane
6270,this is a good song put it on repeat
3813,would not mind for any one.
9096,hey order me some take out from jason's deli
5609,turn off the wemo socket in the kitchen
7297,open podcast player
1446,can you set my alarm for seven thirty am
10487,brew me a cup of coffee
925,who is doing facebook live right now
2537,may i know the time in london
526,increase brightness by twenty percent
1849,march one is susan's birthday right
3183,email my sister about mom's birthday jane we should think about arranging the party at the park
7126,play neil sedaka
20,turn off my first alarm
10653,my favourite music band is queen
5990,what is my list
3543,please check and confirm the command.
7862,tell me who the thirty second president is
5083,make the lighting bit more warm here
3508,will you check and confirm instruction.
7287,go to beginning of previous episode
6483,open music player settings
405,what is your country
1943,what is happening this weekend
3961,"s2, i was unclear about your response."
5672,please turn on my smart plug socket
2846,do i have any new emails from dan
9519,request a taxi from udrive service
5174,please lower the lights
3902,"s1, please explain me more on your answers."
744,can you please download my podcast file available in internet and play it once
6624,let me know if anything happens on that subject
10849,who is the better half of obama
4756,clean the carpets
3275,yeap strongly agreed.
5820,create a new list
7313,play a podcast about latest yoga videos
8829,check my facebook notification
6519,repeat all
10370,"s1, please elaborate me on your answer further."
13,what alarm time had you set
2882,check in contacts
5741,add eggs to my grocery list
4289,"that's cool,."
2652,save this email in contact
1886,what time do i have a doctors appointment on the twenty second
9217,remember i've ordered a cake for tonight's birthday party let me know the status please
4226,you have done the task wrong.
9161,does charley's steakhouse deliver
8591,kung fu panda three
642,what music service has some soul music i can listen to
8753,tweet the current temperature
7936,actually what is the life style of sahara desert
6761,resume the playback of a child called it
2842,do i have email from my friend rachel
5030,change the light color to black light
614,i like to be it
6808,play my book
9352,how often does the train arrive and depart from penn station
1120,are there any alarms set right now
6616,what's the latest news about us election
7225,please play james altucher's podcast
4662,would you tell me it one more time please.
10407,"dammit, i think incorrect response."
1807,what meetings do i have between eight ten today
7535,please give me detail of one yen equals dollar
8891,anything new on insta
8846,instagram
5683,enable my plug
9570,order a train ticket to boston
5601,switch off the smart plug socket now
11034,call a cab
9082,order two cheeseburgers from wings n. ale on university drive
5377,please turn off the light
4570,one more again please.
10780,lets hear wgrr one hundred and three point five
3820,don't get this.
9541,book an outstation cab for tomorrow
5081,change light colors
9450,need a taxi for my travel
476,could you change the lights colour to green please
4879,start a cup of coffee for me
4556,tell me once again.
3930,"s2, last sentence was not clear."
5718,add a item
2876,check emails from gary for last hour
2186,remind me about my biology test at fsu on friday
1148,read me my alarms
11006,when will my chinese food arrive
8762,put this on my facebook
5881,can you find my lists
10405,"shit, that isn't what i wanted."
9050,find and order rasgulla of janta sweet home pvt ltd
7962,what is the square root of thirty six
7040,play songs by adele
3412,olly will you shut down.
10139,please clear my calendar for tomorrow
2890,what is joe joe's home address
9149,can i get takeaway from arby's
3487,"that is all, just cancel it."
5037,can the lights be changed to green
5407,turn off lights
2639,what is today's current date
11075,what is the current traffic in washington town
10789,can you play beats one radio
1788,increase the volume of the left speaker by ten
8987,from wangs kitchen restaurant home delivery for a chicken manchow soup
8347,show me concerts in sacramento
10881,how much does bde cost
8707,send a complaint to my boss
5734,make a new list
3299,yeah you've got my instructions right.
10178,how do you pan sear a porterhouse steak
3384,"olly that is all, just cancel."
5573,turn off the socket
6492,change song
5090,turn living room lights red
1367,set an alarm for the dance classes two hours before the classes start
9797,how is traffic over the donner summit now
8991,start a takeaway order for me
1628,will you please mute my speakers
8997,can you order me some buffalo chicken pizza
5227,minimize the lights
3454,olly will you shut off.
2158,remind me after a month
7032,find songs from my big band playlist
10848,when was einstein's birthday
1105,do i have an alarm set for morning flight
10858,what is two hundred divided by thirteen
8731,tweet consumer service that i am very disappointed with my recent interaction
4831,turn the robot vacuum cleaner on
73,just increase the volume a little
8945,order me some chipotle
624,all i ever want to hear is rap
2642,show time in china
10362,"s1, could you rephrase further on what you have said to me please."
6130,delete the shopping list
11094,how me the highest weather this week
4468,what's next
2398,i want to cook pasta in american style show me how
4693,can you retry please.
4966,coffee make now
10521,minimize the light power
1779,change the speaker volume to sixty five percent
7280,play episode two of the intern
2557,show me what day the thirty first is on
6991,i want to play blackjack
2900,call dad
4194,"stop, i think that's not the correct command."
9971,whats the average temperature in mangalore for this week
9410,is there any train plying from pune to mumbai tonight
3848,again clarify me on your answers please.
3680,i don't really mind.
9477,i need a taxi to go home
2066,cancel future event from place i worked
8507,where do people shop for clothes here
10783,switch on the radio
3987,what's the funniest joke you know
9909,weather for the next week in new york
4191,that's not the correct answer.
10396,sorry but i think you have messed up with command.
5592,switch wemo plug socket off
6389,what song is playing right now
10630,please remove list
6835,resume harry potter book one
6906,start angry bird
1024,book me on a train leaving penn station tomorrow travelling to any city more than two hundred miles away
10236,how many emails today
3884,what did you mean by it.
3414,"that's all, just stop."
306,check and confirm my last question please.
8108,honda stock price
7509,what's the pound to dollar exchange rate
1900,is there any program for tomorrow evening
3130,send an email to my boss and attach the presentation file with it apologize for being late
9008,call and order pizza for delivery
4348,"it is useful, thank you so much."
5491,add light
8092,when does iphone stock usually drop
9738,how is the traffic at the moment
6547,what's going on at the capitol
6063,reset my locations list
7528,how many dollars are in a euro
82,make this a bit louder
659,what is the latest headline news from this newsource
2291,how do i cook rice
261,yeah you understood command correcly.
7309,go to the third episode of this podcast
8833,brief me about my news feed stories
7030,please play michael jackson album
5854,add to my groceries
5829,create a new list of my due bills
8240,show todays events in new york
9884,temperature this hour
2000,delete event for tuesday
538,turn off the rice cooker socket
9938,do i need a jacket today
5641,switch on the wemo plug
5337,can you turn off the living room lights
3503,"olly that is all, cancel."
7082,i'dl like to hear any classical except for bach or schubert
4274,"that is helpful, thanks."
7419,play rush limbaugh on ninety seven fm
246,email john smith
7398,play a news radio station
9017,place an order for a combo platter from china buffet
1289,change my alarm
2490,what is the time difference between california and michegan
1978,remove all events from my calendar
1145,how many alarms do i have set for morning hours between six and nine am
9702,transportation ticket booking train
1469,set an eight hundred am alarm for next tuesday
8394,find a shop that sells beer
1842,please tell me when's my financial meeting
7979,is the answer of five plus two seven
10762,please start the podcast
6620,what is happening in the world today
3526,can you check my last question.
9453,call a uber in thirty minutes
7923,find me the perfect girlfriend
2210,add a reminder for april twenty as my bro's birthday
2931,will you look up joe's contact information for me
3442,olly please would you just stop it.
1348,please set an alarm for tomorrows meeting at seven am
8208,i would like to receive updates about the stock market every day
8547,what movies are playing at theatres near me
6004,find the list
7592,check currencies
2225,please set a reminder for church services on sundays for eleven am
1500,you're too loud
28,please turn off the alarm
5015,adjust light when i get home
254,yeah wonderful response.
6728,resume audio
1543,lower your volume please
628,who is the song writer
1503,quieter
7503,how much is ten u. s. d. to cad
1887,what are the upcoming reminders
8248,events in city
9692,hello book train ticket from mumbai to sangli for tomorrow morning
9311,go to agha station
751,play the radio
10670,tell artist and title of this song
4317,"it's fantastic, musch appreciated."
6042,delete call newspaper from my vacation list
1140,tell me if my alarm is set for the morning
10914,where is a nearby park where i can go running
10470,take it in hand
4917,would you set the coffee maker running
8906,what are the latest photos on my instagram account
1188,did i set an alarm to have tablets in the noon
10709,resume war and peace
9369,directions to mcdo
2427,it is nine here what time is it in california
8393,where is the best pizza on sixth street
5767,i want to start a new list
2188,set a reminder for fifteen minutes to change laundry loads
7821,where is los angeles
4973,how do i set my coffee machine to make coffee
4297,"that's amazing job, musch appreciated."
1294,please remove my alarm
8726,send a tweet to kroger about spoiled milk
91,do i need to pick up the kids from anything today
3194,yeap you have done answer exactly.
4802,start vacuuming
6862,play this game with me
4084,"dammit, it isn't what i asked."
5963,the list contain what
1352,tell me when it is five pm
7192,start podcasts on nfl
1077,report alarm settings
3897,"s2, i was not clear about that."
8798,what new posts are on my page
7844,how long was bryan cranston on breaking bad
7741,what is marketing
10834,what does it look like
3660,can you please confirm detail.
1528,cut down the volume
1333,update alarm
4769,start cleaning floors
4945,prepare a coffee
3754,"i wouldn't really bother, olly."
7293,go back to the last episode in this podcast
10324,please will you check and confirm my last instruction.
2038,please delete all my calendar events
5035,i would like the house lights to be pink
8310,what bands are playing in town this weekend
10725,play mindsweeper with me
9483,book an uber to pick me up now
3131,lindafancy55@gmail dot com
5403,turn lights in the room off
9330,what time does the train departs lagos
8161,how much is amazon stock
7428,let's have the radio on
567,please add item to list
7714,describe the statue of liberty
2843,how many emails do i have in the last fifteen minutes
7273,skip to the next episode of this podcast
3908,can you please further elaborate what you just said.
10259,find john smith from alabama
912,tweet that there was an insect in the chocolate packet
7572,what is the us dollar equivalent of one euro
5778,create a new list for school supplies
4477,i would like my to write original romantic messages for my wife
10120,do i have any appointments scheduled for march twenty four two thousand and seventeen
9758,what is the condition of traffic from work to home
2294,how long do i roast chicken breasts
6530,repeat song number ten from main list
696,my games to play in my phones
5944,tell me about the list
2001,clear my day on the twenty ninth
8982,what mexican restaurants are there nearby for takeout
2449,what is the time in india when the time in us is twelve pm
9912,sunny in oslo
887,where is the best place to buy party supplies in town
8750,tweet consumer service that the goods are of low quality
572,open google keep
5443,i need more light
1187,can you tell me if i have any alarms set
6608,give me international news
3729,any one would be good to me.
5147,give me a new light color
6500,please check and repeat this song one time more
9871,whats the traffic density in
1718,volume louder please
394,"awesome job, you did well."
2732,please check if there is a new email on the inbox
2318,how do i make cookies
5235,lower lights now
1470,set alarm for reminder
4017,tell me a joke about chickens
8955,any low priced delicacies
7068,play thinking out loud next
1021,book ticket for paris by train
7496,given me the exchange rates between u. s. d. and cad
2651,just add a new email in my contacts from michael
8722,send a tweet to kroger about being overcharged for groceries
774,what's the value of the euro relative to nzd
8211,did the price of walmart stock go up or down
6156,find list and remove apple
5153,period the light should be in dim
7740,what is a banana
1537,please turn down the volume
4778,vacuum the dining room
270,yeah that is correct.
3850,please further rephrase it.
4417,i want to buy over ear headphones with minimum frequency response of fifteen hz and maximum frequency response twenty two thousand hz
10276,compose a new email to ray
221,does contact mona has an email as well
719,please turn on my music
7646,please describe about microwave
3536,could you please check that.
6831,can you pause the audio
8736,hello my item which i bought from some one has gone out of order
46,set alarm at six thirty am
7218,next podcast
4505,find me the cheapest copy of the four hour body
5228,dim the living room lights
5128,change the light color to white
6802,play biography of jackie kennedy
7989,what is twelve times eight
3726,doesn't really matter with me.
9393,can i get a train ticket to chicago for next saturday around noon
9240,do they deliver
5999,there are anything in my list
317,"it does not matter to me, olly."
1598,silence
6059,remove night night playlist
9500,can i get a taxi to come to my house in an hour
7942,what movies is kevin spacey in
8085,have stocks gone up or down today for walmart
836,what is twenty percent of one hundred and twenty
1460,set an alarm at six am
8766,post the following status to facebook
3551,did you get that correctly?
7394,turn on wfrn ninety nine point one
2489,change this time zone to washington
10727,launch game
5346,turn off the bathroom lights
3266,yeap exact response to command.
10798,what's the rate between the u. s. d. and ukraine's currency
399,is the data prefers any problems in objects
3164,send an email to bill that i'm sorry i didn't realize he was so sick
7414,hey olly play the radio
10317,olly please can you shut off.
10079,decrease the volume to ten percent
6420,do you know about this lyrics
7620,what is price of dollar
4454,about reality in world
9358,directions to virginia beach va
8158,how much does stock cost in walmart
10474,start my robot vacuum cleaner
8274,are there any interesting events around this area
6873,please play this game
3928,can you please explain more on last sentence to me.
10817,define forensic
9003,call china wok
5002,can you do me a favor my eyes are feeling strained on these lights can you please change it to a cooler tone
1573,mute the living room speakers
3385,i like you stop it.
5789,make list
10022,is it supposed to rain tomorrow
2983,show me the information of friend
3268,it's amazing.
9552,get me an uber please
5679,turn on when plugged in else turn off
9665,train ticket please
5144,want to have vibrant colours
6401,whose song is this
4637,please would you speak one more again.
9579,book me the cheapest train ticket to new york
10719,start the audiobook file for where i left off in a tale of two cities
8786,please say the following on facebook
2036,find my next event and delete it please
7874,when was dolly parton born
9356,can you give me train times for ann arbor
4462,journal entry for today
8234,can you tell me some fun things to do in kentucky
1564,can you place the sound on mute
5842,pick up dry cleaning tomorrow
547,turn on the plug
2826,did i get an email from jen last night
5828,my new health check up new list
8,check whether i have set any alarms for tomorrow morning
11004,ask peking garden when my food will arrive
6227,nice music
2333,how much meat should i buy to serve ten people
9993,what was the weather for the week
9953,what's the weather in toronto today
1582,set mute mode for one hour
1979,hi olly please cancel all the programs for friday
10739,i want to play rock paper scissors let's play
9123,when my takeaway order will arrive
6525,stop after current song
4533,today some things happened
7269,play the serial podcast
4918,brew me some coffee
9907,weather forecast please
3974,would you again rephrase me on your words please.
2904,does bob live in france
5413,turn on the lights that are outdoors
8364,what's interesting around here
9000,give me options for indian carryout under dollars
135,see if john is available for a meeting on monday
8899,what did happen today
6531,olly shuffle playlist
5540,turn the lights higher
3867,i don't understand what you just said now.
5996,what is on this list
4792,have my iroomba clean the house
365,"wait, i think that's not the right answer."
1790,can you speak louder
8166,what is the value of the yen right now
3678,"anything is fine to me, olly."
6173,save this song in my great songs category
2698,locate the email to giant eagle and put it into my contact list
7933,why did bob dylan earn a nobel peace prize
8482,find local shops
1924,what time do i work tomorrow
4818,start the vacuum at nine am
3139,send an email to my boss about my leave
4887,i need one cup of coffee
6555,how is president's trump office proceeding
6108,delete mike stein from contacts list
1697,set the volume higher
6417,tell me the song that is currently playing
3210,yeap that's right.
8027,what is the remainder when five hundred and twenty one is divided by three
5526,connect to lights
5370,turn off lights in all bathrooms
8073,figure out what percentage thirty is of one hundred and sixty three
5961,read that list back to me please
9454,get city cab here to airport
7209,play the seventh episode of the morning after
56,quiet please
1296,disable the first alarm
8577,fast and the furious
1226,how many alarms have i set
8163,what is the daily price of johnson and johnson stock
9298,when is the next train to glasgow from aberdeen
8668,i would like to make a post on times twitter
4891,make coffee
7880,how many kilograms is two hundred and ten pounds
10489,can you set my coffee machine to make me coffee at seven am
4573,tell me what you just said once again please.
8581,whats a new sci fi movie
4418,find me a good wine shop that stock old wines like older than ten years navigate me to that shop
982,navigation search
8540,which restaurant is there in shivaji nagar
3648,will you check and confirm that please.
3843,"s2, i was not clear about it."
654,add newscast time to daily schedule
7249,play my favourite podcast
3396,olly could you shut up please.
1052,how long will it take me to get to park avenue considering current traffic
668,find me info on cars
10354,i don't really care.
2113,i have a meeting at noon today
3341,yeap correcly.
3488,"that is all, just stop."
2306,do we add rosemary in pasta
575,did i put toothpaste on my pick up list
4102,"oops, i think this was not the right response."
10662,what is the title and artist of this song
6645,celeb news
4363,thank you very much for your answers.
5970,is there anything left on my list
9649,book a rajdhani train ticket from mumbai to ahmedabad
8036,one plus two equal
8187,what is the stock price of hdfc
7350,open pandora app
2110,reminder about meeting from eight am to twelve pm
8774,post a complaint via twitter to cvs pharmacy
10002,do i need a light or heavy jacket today
3610,check last thing i said.
6021,remove my grocery list
6375,what music do i usually like after work
5438,please turn on my balcony lights
5860,what are all my lists
6205,save this channel on pandora please
2773,show unread new emails
7031,play jack johnson playlist music
9156,most rated delivery options for chinese food
9593,find me the cheapest train ticket to spain
7878,how many songs did michael jackson write
7092,initiate the music on the electronic playlist
1970,please clear out my calendar completely
2778,can you tell me my recent emails
9515,please book a taxi for me to go to the railway station
1484,add alarm
4572,please let's start over.
10368,what you have said was not so clear to me.
6320,what is the name of the artist that created this song
5347,please shut off the kitchen lights
2848,update on email
7802,what is the age of britney spears
